﻿<?xml version="1.0" encoding="UTF-8" standalone="no" ?><Preferences4D>  <BuildApp>    <BuildCompiled>False</BuildCompiled>    <IncludeAssociatedFolders>True</IncludeAssociatedFolders>    <BuildComponent>True</BuildComponent>    <BuildApplicationSerialized>False</BuildApplicationSerialized>    <BuildApplicationLight>False</BuildApplicationLight>    <SourcesFiles>      <RuntimeVL>        <RuntimeVLIncludeIt>True</RuntimeVLIncludeIt>      </RuntimeVL>      <CS>        <ServerIncludeIt>False</ServerIncludeIt>        <ClientMacIncludeIt>False</ClientMacIncludeIt>        <ClientWinIncludeIt>False</ClientWinIncludeIt>      </CS>    </SourcesFiles>    <BuildApplicationName>SystemScreens</BuildApplicationName>    <BuildMacDestFolder>Macintosh HD:Users:kbrooks:Documents:4D_WORKSPACE:v13:4D Component Builds:</BuildMacDestFolder>    <CS>      <BuildServerApplication>True</BuildServerApplication>      <BuildCSUpgradeable>False</BuildCSUpgradeable>      <CurrentVers>1</CurrentVers>      <HardLink></HardLink>    </CS>    <ArrayExcludedPluginName>      <ItemsCount>0</ItemsCount>    </ArrayExcludedPluginName>    <ArrayExcludedPluginID>      <ItemsCount>0</ItemsCount>    </ArrayExcludedPluginID>    <ArrayExcludedComponentName>      <ItemsCount>14</ItemsCount>      <Item1>4D Progress</Item1>      <Item2>4D SVG</Item2>      <Item3>4D Widgets</Item3>      <Item4>Code Analysis</Item4>      <Item5>DTS_Component4.6</Item5>      <Item6>InformedRecordLock</Item6>      <Item7>jsonModule_7.5</Item7>      <Item8>Metaphone</Item8>      <Item9>Scribe</Item9>      <Item10>STR_component 2.5</Item10>      <Item11>TestManager</Item11>      <Item12>Tuples_2.3</Item12>      <Item13>UserMode_Component</Item13>      <Item14>XMLParseToArrays</Item14>    </ArrayExcludedComponentName>    <Licenses>      <ArrayLicenseMac>        <ItemsCount>0</ItemsCount>      </ArrayLicenseMac>    </Licenses>  </BuildApp></Preferences4D>