﻿<?xml version="1.0" encoding="UTF-8" standalone="no" ?><BuildApplicationLog>  <Log>    <MessageType>Comment</MessageType>    <Target>Component</Target>    <CodeDesc>NO_ERR</CodeDesc>    <CodeId>0</CodeId>    <Message>Start compilation [2014-04-26T13:29:14]</Message>  </Log>  <Log>    <MessageType>Comment</MessageType>    <Target>Common</Target>    <CodeDesc>NO_ERR</CodeDesc>    <CodeId>0</CodeId>    <Message>Start copying files : Macintosh HD:Users:kbrooks:Documents:4D_WORKSPACE:v13:4D Component Builds:Components:SystemScreens.4dbase:SystemScreens.4DC</Message>  </Log>  <Log>    <MessageType>Comment</MessageType>    <Target>Common</Target>    <CodeDesc>NO_ERR</CodeDesc>    <CodeId>0</CodeId>    <Message>End copying files : Macintosh HD:Users:kbrooks:Documents:4D_WORKSPACE:v13:4D Component Builds:Components:SystemScreens.4dbase:SystemScreens.4DC</Message>  </Log>  <Log>    <MessageType>Comment</MessageType>    <Target>Component</Target>    <CodeDesc>NO_ERR</CodeDesc>    <CodeId>0</CodeId>    <Message>End compilation [2014-04-26T13:29:16]</Message>  </Log></BuildApplicationLog>